{
	"topMargin" : 1.0,
	"bottomMargin" : 1.0,
	"leftMargin" : 11.0,
	"rightMargin" : 4.0,
	"connectorPos" : "Top",
	"connectorShift" : 1.0,
	"connectorWidth" : 3.5,
	"connectorHeight" : 3.5,
	"connectorShape" : "CHAR_T",
	"connectorBoundsRate" : 1.25,
	"cssClass" : "strType",

	"connective" : {
		"inner" : {
			"connectorList" : ["VarName"]
		},
		"outer" : {
			"connectorList" : ["NextVarDecl"]
		}
	},
	
    "imitation" : {
		"buttonPosX" : 6.0,
		"buttonPosY" : 1.0
	}
}