<Node type="connective"
	bhNodeID="idIfElseStat"
	name="IfElseStat"
	nodeStyleID="IfElseStat.json"
	onMovedFromChildToWS="onStatMovedToWS.js"
	onMovedToChild="onStatMovedToChild.js">

	<ConnectorSection name="StatSctn">
		
		<PrivateConnector
			name="Moshi"
			fixed="true">
			<Node
				type="label"
				name="Moshi"
				nodeStyleID="WordLabel.json"
				nodeInputControl="Label.fxml"
				initString="もし">
			</Node>
		</PrivateConnector>
		
		<Connector bhConnectorID="idBoolExpCnctr" name="CondExp"/>

		<PrivateConnector
			name="Nara"
			fixed="true">
			<Node
				type="label"
				name="Nara"
				nodeStyleID="WordLabel.json"
				nodeInputControl="Label.fxml"
				initString="なら">
			</Node>
		</PrivateConnector>

		<Connector bhConnectorID="idStatCnctr" name="ThenStat"/>

		<PrivateConnector
			name="Sodenakereba"
			fixed="true">
			<Node
				type="label"
				name="Sodenakereba"
				nodeStyleID="WordLabel.json"
				nodeInputControl="Label.fxml"
				initString="そうでなければ">
			</Node>
		</PrivateConnector>
		
		<Connector bhConnectorID="idStatCnctr" name="ElseStat"/>
				
		<Connector bhConnectorID="idStatCnctr" name="NextStat"/>
	</ConnectorSection>
</Node>
