<Node type="connective"
	bhNodeID="idBoolArrayInsertStat"
	name="BoolArrayInsertStat"
	nodeStyleID="BoolArrayInsertStat.json"
	onMovedFromChildToWS="onStatMovedToWS.js"
	onMovedToChild="onStatMovedToChild.js">

	<ConnectorSection name="StatSctn">
		<Connector bhConnectorID="idBoolListCnctr" name="Arg0"/>
		
		<PrivateConnector
			bhConnectorID="idBoolArrayInsertStat.prvCnctr0"
			name="no"
			fixed="true">
			<Node
				type="label"
				bhNodeID="idBoolArrayInsertStat.prvNode0"
				name="no"
				nodeStyleID="WordLabel2.json"
				nodeInputControl="Label.fxml"
				initString="の">
			</Node>
		</PrivateConnector>
		
		<Connector bhConnectorID="idNumExpCnctr" name="Arg1"/>
		
		<PrivateConnector
			bhConnectorID="idBoolArrayInsertStat.prvCnctr1"
			name="banmeNi"
			fixed="true">
			<Node
				type="label"
				bhNodeID="idBoolArrayInsertStat.prvNode1"
				name="banmeNi"
				nodeStyleID="WordLabel2.json"
				nodeInputControl="Label.fxml"
				initString="番目に">
			</Node>
		</PrivateConnector>
		
		<Connector bhConnectorID="idBoolExpCnctr" name="Arg2"/>
		
		<PrivateConnector
			bhConnectorID="idBoolArrayInsertStat.prvCnctr2"
			name="woSonyuSuru"
			fixed="true">
			<Node
				type="label"
				bhNodeID="idBoolArrayInsertStat.prvNode2"
				name="woSonyuSuru"
				nodeStyleID="WordLabel2.json"
				nodeInputControl="Label.fxml"
				initString="を挿入する">
			</Node>
		</PrivateConnector>
		
		<Connector bhConnectorID="idStatCnctr" name="NextStat"/>
	</ConnectorSection>
</Node>
