{
	"topMargin" : 1.0,
	"bottomMargin" : 1.0,
	"leftMargin" : 2.5,
	"rightMargin" : 1.5,
	"connectorPos" : "Top",
	"connectorShift" : 0.5,
	"connectorWidth" : 1.5,
	"connectorHeight" : 1.5,
	"connectorShape" : "ARROW",
	"connectorBoundsRate" : 2.0,
	"cssClass" : "strType",

	"connective" : {
		"inner" : {
			"arrangement" : "Row",
			"interval" : 2.0,
			"connectorList" : ["LeftVar", "ni", "RightExp", "woDainyuSuru"],
		},
		"outer" : {
			"connectorList" : ["NextStat"]
		}
	}
}
