<Node type="connective"
	bhNodeID="idStrArrayInsertStat"
	name="StrArrayInsertStat"
	nodeStyleID="StrArrayInsertStat.json"
	onMovedFromChildToWS="onStatMovedToWS.js"
	onMovedToChild="onStatMovedToChild.js">

	<ConnectorSection name="StatSctn">
		<Connector bhConnectorID="idStrListCnctr" name="Arg0"/>
		
		<PrivateConnector
			name="no"
			fixed="true">
			<Node
				type="label"
				name="no"
				nodeStyleID="WordLabel.json"
				nodeInputControl="Label.fxml"
				initString="の">
			</Node>
		</PrivateConnector>
		
		<Connector bhConnectorID="idNumExpCnctr" name="Arg1"/>
		
		<PrivateConnector
			name="banmeNi"
			fixed="true">
			<Node
				type="label"
				name="banmeNi"
				nodeStyleID="WordLabel.json"
				nodeInputControl="Label.fxml"
				initString="番目に">
			</Node>
		</PrivateConnector>
		
		<Connector bhConnectorID="idStrExpCnctr" name="Arg2"/>
		
		<PrivateConnector
			name="woSonyuSuru"
			fixed="true">
			<Node
				type="label"
				name="woSonyuSuru"
				nodeStyleID="WordLabel.json"
				nodeInputControl="Label.fxml"
				initString="を挿入する">
			</Node>
		</PrivateConnector>
		
		<Connector bhConnectorID="idStatCnctr" name="NextStat"/>
	</ConnectorSection>
</Node>
