<Node type="connective"
	bhNodeID="idStrArrayPushStat"
	name="StrArrayPushStat"
	nodeStyleID="StrArrayPushStat.json"
	onMovedFromChildToWS="onStatMovedToWS.js"
	onMovedToChild="onStatMovedToChild.js">

	<ConnectorSection name="StatSctn">
		<Connector bhConnectorID="idStrListCnctr" name="Arg0"/>
		
		<PrivateConnector 
			name="noMatsubiNi"
			fixed="true">
			<Node
				type="label"
				name="noMatsubiNi"
				nodeStyleID="WordLabel.json"
				nodeInputControl="Label.fxml"
				initString="の末尾に">
			</Node>
		</PrivateConnector>

		<Connector bhConnectorID="idStrExpCnctr" name="Arg1"/>

		<PrivateConnector 
			name="woTsuikaSuru"
			fixed="true">
			<Node
				type="label"
				name="woTsuikaSuru"
				nodeStyleID="WordLabel.json"
				nodeInputControl="Label.fxml"
				initString="を追加する">
			</Node>
		</PrivateConnector>

		<Connector bhConnectorID="idStatCnctr" name="NextStat"/>
	</ConnectorSection>
</Node>
