<Node
	type="connective"
	bhNodeID="idStrArraySetStat"
	name="StrArraySetStat"
	nodeStyleID="StrArraySetStat.json"
	onMovedFromChildToWS="onStatMovedToWS.js"
	onMovedToChild="onStatMovedToChild.js">

	<ConnectorSection name="StatSctn">
		<Connector bhConnectorID="idStrListCnctr" name="Arg0"/>
		
		<PrivateConnector
			name="no"
			fixed="true">
			<Node
				type="label"
				name="no"
				nodeStyleID="WordLabel.json"
				nodeInputControl="Label.fxml"
				initString="の">
			</Node>
		</PrivateConnector>
		
		<Connector bhConnectorID="idNumExpCnctr" name="Arg1"/>
		
		<PrivateConnector
			name="banmeWo"
			fixed="true">
			<Node
				type="label"
				name="banmeWo"
				nodeStyleID="WordLabel.json"
				nodeInputControl="Label.fxml"
				initString="番目を">
			</Node>
		</PrivateConnector>
		
		<Connector bhConnectorID="idStrExpCnctr" name="Arg2"/>
		
		<PrivateConnector
			name="niKakikaeru"
			fixed="true">
			<Node
				type="label"
				name="niKakikaeru"
				nodeStyleID="WordLabel.json"
				nodeInputControl="Label.fxml"
				initString="に書き換える">
			</Node>
		</PrivateConnector>
		
		<Connector bhConnectorID="idStatCnctr" name="NextStat"/>
	</ConnectorSection>
</Node>
