<Node type="connective"
	bhNodeID="idStrArrayRemoveStat"
	name="StrArrayRemoveStat"
	nodeStyleID="StrArrayRemoveStat.json"
	onMovedFromChildToWS="onStatMovedToWS.js"
	onMovedToChild="onStatMovedToChild.js">

	<ConnectorSection name="StatSctn">
		<Connector bhConnectorID="idStrListCnctr" name="Arg0"/>
		
		<PrivateConnector
			name="no"
			fixed="true">
			<Node
				type="label"
				name="no"
				nodeStyleID="WordLabel1.json"
				nodeInputControl="Label.fxml"
				initString="の">
			</Node>
		</PrivateConnector>
		
		<Connector bhConnectorID="idNumExpCnctr" name="Arg1"/>
		
		<PrivateConnector
			name="banmeWoSakujyoSuru"
			fixed="true">
			<Node
				type="label"
				name="banmeWoSakujyoSuru"
				nodeStyleID="WordLabel1.json"
				nodeInputControl="Label.fxml"
				initString="番目を削除する">
			</Node>
		</PrivateConnector>

		<Connector bhConnectorID="idStatCnctr" name="NextStat"/>
	</ConnectorSection>
</Node>
