{
	"topMargin" : 1.0,
	"bottomMargin" : 1.0,
	"leftMargin" : 5.5,
	"rightMargin" : 1.5,
	"connectorPos" : "Top",
	"connectorShift" : 1.0,
	"connectorWidth" : 3.5,
	"connectorHeight" : 3.5,
	"connectorShape" : "ARROW",
	"connectorBoundsRate" : 1.25,
	"cssClass" : "controlType",
    
    "connective" : {
		"inner" : {
			"arrangement" : "Row",
			"interval" : 4.0,
			"connectorList" : ["StatList", "LocalVarDecl"]
		},
		
		"outer" : {
			"connectorList" : ["NextStat"]
		}
	},
    
    "imitation" : {
		"buttonPosX" : 1.5,
		"buttonPosY" : 1.0
	}
}