<Node type="connective"
	bhNodeID="idBoolAssignStat"
	name="BoolAssignStat"
	nodeStyleID="BoolAssignStat.json"
	onMovedFromChildToWS="onStatMovedToWS.js"
	onMovedToChild="">

	<ConnectorSection name="StatSctn">
		<Connector bhConnectorID="idBoolVarCnctr" name="LeftVar"/>
		
		<PrivateConnector
			name="ni"
			fixed="true">
			<Node
				type="label"
				name="ni"
				nodeStyleID="WordLabel_style2.json"
				nodeInputControl="Label.fxml"
				initString="に">
			</Node>
		</PrivateConnector>
		
		<Connector bhConnectorID="idBoolExpCnctr" name="RightExp"/>
		
		<PrivateConnector
			name="woDainyuSuru"
			fixed="true">
			<Node
				type="label"
				name="woDainyuSuru"
				nodeStyleID="WordLabel_style2.json"
				nodeInputControl="Label.fxml"
				initString="を代入する">
			</Node>
		</PrivateConnector>
		
		<Connector bhConnectorID="idStatCnctr" name="NextStat"/>
	</ConnectorSection>
</Node>
