<Node type="connective"
	bhNodeID="idNumAssignStat"
	name="NumAssignStat"
	nodeStyleID="NumAssignStat.json"
	onMovedFromChildToWS="onStatMovedToWS.js"
	onMovedToChild="">

	<ConnectorSection name="StatSctn">
		<Connector bhConnectorID="idNumVarCnctr" name="LeftVar"/>
		
		<PrivateConnector
			name="ni"
			fixed="true">
			<Node
				type="label"
				name="ni"
				nodeStyleID="WordLabel.json"
				nodeInputControl="Label.fxml"
				initString="に">
			</Node>
		</PrivateConnector>
		
		<Connector bhConnectorID="idNumExpCnctr" name="RightExp"/>
		
		<PrivateConnector
			name="woDainyuSuru"
			fixed="true">
			<Node
				type="label"
				name="woDainyuSuru"
				nodeStyleID="WordLabel.json"
				nodeInputControl="Label.fxml"
				initString="を代入する">
			</Node>
		</PrivateConnector>
		
		<Connector bhConnectorID="idStatCnctr" name="NextStat"/>
	</ConnectorSection>
</Node>
