{
	"topMargin" : 1.0,
	"bottomMargin" : 1.0,
	"leftMargin" : 6.0,
	"rightMargin" : 1.5,
	"connectorPos" : "Top",
	"connectorShift" : 1.0,
	"connectorWidth" : 3.5,
	"connectorHeight" : 3.5,
	"connectorShape" : "ARROW",
	"connectorBoundsRate" : 1.25,
	"cssClass" : "numType",

	"connective" : {
		"inner" : {
			"arrangement" : "Row",
			"interval" : 2.0,
			"connectorList" : ["Arg0", "ni", "Arg1", "noYosoWoSubeteTsuikaSuru"]
		},
		"outer" : {
			"connectorList" : ["NextStat"]
		}
	}
}
