{
	"topMargin" : 1.0,
	"bottomMargin" : 1.0,
	"leftMargin" : 2.5,
	"rightMargin" : 1.5,
	"connectorPos" : "Top",
	"connectorShift" : 0.5,
	"connectorWidth" : 1.5,
	"connectorHeight" : 1.5,
	"connectorShape" : "ARROW",
	"connectorBoundsRate" : 2.0,
	"cssClass" : "controlType",

	"connective" : {
		"inner" : {
			"arrangement" : "Column",
			"interval" : 0.0,
			"subGroup0" : {
				"arrangement" : "Row",
				"interval" : 2.0,
				"connectorList" : ["Moshi", "CondExp", "Nara"]
			},
			"subGroup1" : {
				"arrangement" : "Column",
				"interval" : 2.5,
				"connectorList" : ["ThenStat"],
				
				"subGroup0" : {
					"arrangement" : "Column",
					"interval" : 0.5,
					"connectorList" : ["Sodenakereba", "ElseStat"]
				}
			}
		},

		"outer" : {
			"connectorList" : ["NextStat"]
		}
	}
}