{
	"topMargin" : 1.0,
	"bottomMargin" : 1.0,
	"leftMargin" : 6.5,
	"rightMargin" : 2.5,
	"connectorPos" : "Top",
	"connectorShift" : 0.5,
	"connectorWidth" : 1.5,
	"connectorHeight" : 1.5,
	"connectorShape" : "CHAR_T",
	"connectorBoundsRate" : 2.0,
	"cssClass" : "numType",

	"connective" : {
    
		"inner" : {
			"connectorList" : ["VarName"]
		},
		
		"outer" : {
			"connectorList" : ["NextVarDecl"]
		}
		
	},
	
    "imitation" : {
		"buttonPosX" : 3.0,
		"buttonPosY" : 1.0
	}
	
}