{

	"動作" : {
		"cssClass" : "action",
		"contents":[
			"idMoveStat",
			"idSleepStat"]
	},

	"数値" : {
		"cssClass":"number",
	
		"定数 / 演算": {
			"cssClass":"numOpe",
			"contents":[
				"idNumLiteral", 
				"idFourArithExp",
				"idModExp",
				"idNumCompExp",
				"idNumToStrExp",
				"idNumRoundExp",
				"idRandomIntExp",
				"idAbsExp",
				"idNegExp"]
		},
		
		"変数 / リスト": {
			"cssClass":"numVar",
			"contents":[
				"idNumVarDecl", 
				"idNumAssignStat",
				"idNumAddAssignStat",
				"idSelectionViewSpace",
				"idNumListDecl",
				"idNumArrayPushStat",
				"idNumArrayGetExp",
				"idNumArrayGetLastExp",
				"idNumArrayLengthExp",
				"idNumArrayPopStat",
				"idNumArrayInsertStat",
				"idNumArrayRemoveStat",
				"idNumArraySetStat",
				"idNumArrayAppendStat",
				"idNumArrayClearStat"]
		}
	},
	
	"文字列" : {
		"cssClass":"string",
		
		"定数 / 演算": {
			"cssClass":"strOpe",
			"contents":[
				"idStrLiteral", 
				"idLineFeed", 
				"idPrintStat", 
				"idScanExp", 
				"idAppendStrExp", 
				"idStrCompExp",
				"idStrToNumExp"]
		},
		
		"変数 / リスト": {
			"cssClass":"strVar",
			"contents":[
				"idStrVarDecl", 
				"idStrAssignStat",
				"idSelectionViewSpace",
				"idStrListDecl", 
				"idStrArrayPushStat", 
				"idStrArrayGetExp",
				"idStrArrayGetLastExp",
				"idStrArrayLengthExp",
				"idStrArrayPopStat",
				"idStrArrayInsertStat",
				"idStrArrayRemoveStat",
				"idStrArraySetStat",
				"idStrArrayAppendStat",
				"idStrArrayClearStat"]
		}
	},

	"論理" : {
		"cssClass":"boolean",
		
		"定数 / 演算": {
			"cssClass":"boolOpe",
			"contents":[
				"idBoolLiteral", 
				"idBinaryBoolExp", 
				"idNotExp", 
				"idBoolToStrExp"]
		},
		
		"変数 / リスト": {
			"cssClass":"boolVar",
			"contents":[
				"idBoolVarDecl",
				"idBoolAssignStat",
				"idSelectionViewSpace",
				"idBoolListDecl",
				"idBoolArrayPushStat", 
				"idBoolArrayGetExp",
				"idBoolArrayGetLastExp",
				"idBoolArrayLengthExp",
				"idBoolArrayPopStat",
				"idBoolArrayInsertStat",
				"idBoolArrayRemoveStat",
				"idBoolArraySetStat",
				"idBoolArrayAppendStat",
				"idBoolArrayClearStat"]
		}
	},

	"制御" : {
		"cssClass":"control",
		"contents":[
			"idIfStat", 
			"idIfElseStat",
			"idRepeatStat",
			"idWhileStat",
			"idBreakStat", 
			"idContinueStat",
			"idRepeatAndCount",
			"idCompoundStat"]
	},

	"機能作成" : {
		"cssClass":"funcDef",
		"contents":["idVoidFuncDef"]
	}
}
