<Node type="connective"
	bhNodeID="idNumAddAssignStat"
	name="NumAddAssignStat"
	nodeStyleID="NumAddAssignStat.json"
	onMovedFromChildToWS="onStatMovedToWS.js"
	onMovedToChild="onStatMovedToChild.js">

	<ConnectorSection name="StatSctn">
		<Connector bhConnectorID="idNumVarCnctr" name="LeftVar"/>
		
		<PrivateConnector
			bhConnectorID="idNumAddAssignStat.prvCnctr0"
			name="ni"
			fixed="true">
			<Node
				type="label"
				bhNodeID="idNumAddAssignStat.prvNode0"
				name="ni"
				nodeStyleID="WordLabel1.json"
				nodeInputControl="Label.fxml"
				initString="に">
			</Node>
		</PrivateConnector>
		
		<Connector bhConnectorID="idNumExpCnctr" name="RightExp"/>
		
		<PrivateConnector
			bhConnectorID="idNumAddAssignStat.prvCnctr1"
			name="woKasanSuru"
			fixed="true">
			<Node
				type="label"
				bhNodeID="idNumAddAssignStat.prvNode1"
				name="woKasanSuru"
				nodeStyleID="WordLabel1.json"
				nodeInputControl="Label.fxml"
				initString="を加算する">
			</Node>
		</PrivateConnector>
		
		<Connector bhConnectorID="idStatCnctr" name="NextStat"/>
	</ConnectorSection>
</Node>
