<Node type="connective"
	bhNodeID="idStrAssignStat"
	name="StrAssignStat"
	nodeStyleID="StrAssignStat.json"
	onMovedFromChildToWS="onStatMovedToWS.js"
	onMovedToChild="onStatMovedToChild.js">

	<ConnectorSection name="StatSctn">
		<Connector bhConnectorID="idStrVarCnctr" name="LeftVar"/>

		<PrivateConnector
			bhConnectorID="idStrAssignStat.prvCnctr0"
			name="ni"
			fixed="true">
			<Node
				type="label"
				bhNodeID="idStrAssignStat.prvNode0"
				name="ni"
				nodeStyleID="WordLabel1.json"
				nodeInputControl="Label.fxml"
				initString="に">
			</Node>
		</PrivateConnector>

		<Connector bhConnectorID="idStrExpCnctr" name="RightExp"/>

		<PrivateConnector
			bhConnectorID="idStrAssignStat.prvCnctr1"
			name="woDainyuSuru"
			fixed="true">
			<Node
				type="label"
				bhNodeID="idStrAssignStat.prvNode1"
				name="woDainyuSuru"
				nodeStyleID="WordLabel1.json"
				nodeInputControl="Label.fxml"
				initString="を代入する">
			</Node>
		</PrivateConnector>

		<Connector bhConnectorID="idStatCnctr" name="NextStat"/>
	</ConnectorSection>
</Node>
