<Node
	type="connective"
	bhNodeID="idStrArrayAppendStat"
	name="StrArrayAppendStat"
	nodeStyleID="StrArrayAppendStat.json"
	onMovedFromChildToWS="onStatMovedToWS.js"
	onMovedToChild="onStatMovedToChild.js">

	<ConnectorSection name="StatSctn">
		<Connector bhConnectorID="idStrListCnctr" name="Arg0"/>

		<PrivateConnector
			bhConnectorID="idStrArrayAppendStat.prvCnctr0"
			name="ni"
			fixed="true">
			<Node
				type="label"
				bhNodeID="idStrArrayAppendStat.prvNode0"
				name="ni"
				nodeStyleID="WordLabel1.json"
				nodeInputControl="Label.fxml"
				initString="に">
			</Node>
		</PrivateConnector>

		<Connector bhConnectorID="idStrListCnctr" name="Arg1"/>
		
		<PrivateConnector
			bhConnectorID="idStrArrayAppendStat.prvCnctr1"
			name="noYosoWoSubeteTsuikaSuru"
			fixed="true">
			<Node
				type="label"
				bhNodeID="idStrArrayAppendStat.prvNode1"
				name="noYosoWoSubeteTsuikaSuru"
				nodeStyleID="WordLabel1.json"
				nodeInputControl="Label.fxml"
				initString="の要素を全て追加する">
			</Node>
		</PrivateConnector>
		
		<Connector bhConnectorID="idStatCnctr" name="NextStat"/>
	</ConnectorSection>
</Node>
