{

	"数値" : {
		"cssClass":"number",
	
		"定数 / 演算": {
			"cssClass":"numOpe",
			"contents":["idNumLiteral", "idFourArithExp", "idModExp", "idNumCompExp", "idNumToStrExp"]
		},
		
		"変数 / リスト": {
			"cssClass":"numVar",
			"contents":["idNumVarDecl", "idNumAssignStat"]
		}
	},
	
	"文字列" : {
		"cssClass":"string",
		
		"定数 / 演算": {
			"cssClass":"strOpe",
			"contents":["idStrLiteral", "idLineFeed", "idPrintStat", "idScanExp", "idAppendStrExp", "idStrCompExp"]
		},
		
		"変数 / リスト": {
			"cssClass":"strVar",
			"contents":[
				"idStrVarDecl", 
				"idStrAssignStat", 
				"idStrListDecl", 
				"idStrArrayPushStat", 
				"idStrArrayGetExp",
				"idStrArrayLengthExp",
				"idStrArrayPopStat",
				"idStrArrayInsertStat",
				"idStrArrayRemoveStat",
				"idStrArraySetStat"]
		}
	},

	"論理" : {
		"cssClass":"boolean",
		
		"定数 / 演算": {
			"cssClass":"boolOpe",
			"contents":["idBoolLiteral", "idBinaryBoolExp", "idNotExp", "idBoolToStrExp"]
		},
		
		"変数 / リスト": {
			"cssClass":"boolVar",
			"contents":["idBoolVarDecl", "idBoolAssignStat"]
		}
	},

	"制御" : {
		"cssClass":"control",
		"contents":["idIfStat", "idIfElseStat", "idWhileStat", "idBreakStat", "idContinueStat"]
	},

	"機能作成" : {
		"cssClass":"funcDef",
		"contents":["idVoidFuncDef"]
	}
}
