{    

	"数値" : {
		"cssClass":"number",
	
		"定数": {
			"cssClass":"numLiteral",
			"contents":["idNumLiteral"]
		},
		
		"変数":{
			"cssClass":"numVar",
			"contents":["idNumVarDecl", "idNumAssignStat"]
		},
		
		"演算" : {
			"cssClass":"numOpe",
			"contents":["idFourArithExp", "idModExp", "idNumCompExp"]
		}
	},
	
	"文字列" : {
		"cssClass":"string",
		
		"定数": {
			"cssClass":"strLiteral",
			"contents":["idStrLiteral", "idLineFeed"]
		},
		
		"変数": {
			"cssClass":"strVar",
			"contents":["idStrVarDecl", "idStrAssignStat"]
		},

		"演算": {
			"cssClass":"strOpe",
            "contents":["idPrintStat", "idAppendStrExp", "idNumToStrExp", "idBoolToStrExp"]
		}
	},

	"論理" : {
		"cssClass":"boolean",
		
		"定数": {
			"cssClass":"boolLiteral",
			"contents":["idBoolLiteral"]
		},
		
		"変数": {
			"cssClass":"boolVar",
			"contents":["idBoolVarDecl", "idBoolAssignStat"]
		},
				
		"演算": {
			"cssClass":"boolOpe",
            "contents":["idBinaryBoolExp", "idNotExp"]
		}
	},

	"制御" : {
		"cssClass":"control",
		"contents":["idIfStat", "idIfElseStat", "idWhileStat"]
	},

	"機能作成" : {
		"cssClass":"funcDef",
		"contents":["idVoidFuncDef"]
	}
}
